{
  "project_info": {
    "project_number": "169972832601",
    "firebase_url": "https://luis-c6f89-default-rtdb.firebaseio.com",
    "project_id": "luis-c6f89",
    "storage_bucket": "luis-c6f89.firebasestorage.app"
  },
  "client": [
    {
      "client_info": {
        "mobilesdk_app_id": "1:169972832601:android:d65cdea37e48b681419448",
        "android_client_info": {
          "package_name": "cl.inacap.cloudled"
        }
      },
      "oauth_client": [],
      "api_key": [
        {
          "current_key": "AIzaSyAmmiRBfAKefjWL00-6o5SNav3_POmgHPQ"
        }
      ],
      "services": {
        "appinvite_service": {
          "other_platform_oauth_client": []
        }
      }
    }
  ],
  "configuration_version": "1"
}